Price Dates,Beans,Pumpkin,Carrot,Cabbage,Eggplant,Tomato,Potato,Onion,Average Price
2023-01-01,20.757618049057733,47.257901877860846,55.48084886191707,30.660668076560768,52.587554363625614,41.41154618776814,83.4535884985778,83.63924979374988,51.906121963639734
2023-01-02,30.511923262236227,49.65745291924752,79.89662899443363,30.005481238340213,59.45990214754121,67.80661110118494,71.36962902103818,51.94804328760755,55.081958996453686
2023-01-03,35.400198889053726,44.51100717651475,58.655897010269854,22.346134522996937,56.77693819053118,60.407489753193616,65.37480644431582,47.864428778454034,48.91711259566625
2023-01-04,23.137329734627446,43.32660889012996,61.73588337774676,24.5983505812938,53.915218044042895,76.02251872517292,64.42081656950272,81.76123353753292,53.61474493250618
2023-01-05,34.382236045928465,35.458517237365335,91.78870275773136,31.79918637896926,48.608394316808706,43.44702899363203,75.54851658056758,61.959522783744795,52.87401313684344
2023-01-06,29.68712710916275,41.04655681362851,52.23409386182162,29.20254384637125,53.47422425604225,72.36261911756566,88.81448300720177,99.60076778513255,58.30280197461579
2023-01-07,35.088065319468555,50.598804977303345,82.9412665482738,32.993653363621156,68.77592616967787,73.82157733979739,66.93310174754481,96.70595914742006,63.482294326638375
2023-01-08,23.543596860111858,39.649908111343706,50.761747638805424,38.91486473767872,43.71615057521682,61.913111227037064,54.38066257451422,90.46971514485875,50.41871960869582
2023-01-09,29.754683374462708,41.79166087293892,61.77886730083721,36.63947931403371,68.25422967298564,75.59530866540598,79.45801108504475,61.10930833605869,56.79769357772095
2023-01-10,37.61894110333928,30.895725738329624,79.4740793974248,35.325419912029304,57.25308018465631,69.68989333107021,63.8395835363402,58.27548964079627,54.04652660549825
2023-01-11,38.34866733250467,54.36371705539938,92.59461214798915,31.507920791080473,41.15882753213789,67.57573083546497,62.898696054803686,67.38714962526063,56.979415171830105
2023-01-12,37.958193339077766,44.123644478149764,85.9143177236542,36.514752816766396,31.477102138431498,72.32775505351916,86.1629721234894,76.0861669340408,58.82061307589112
2023-01-13,29.281215519623125,42.50351364904091,58.739999686835965,38.9190618618876,34.003190068875924,67.5478085481271,60.87462154459974,95.15258619076222,53.37774963371907
2023-01-14,25.178123806987752,39.36164307897459,96.88410815363824,28.782880114671453,31.348638269008777,44.96223395950105,83.2427531944462,41.374823022048666,48.891900449909585
2023-01-15,28.795576730385463,56.7286212479372,74.73309747406927,26.449652873818145,55.065043815774146,70.5889850770761,67.81899938361329,43.79272204843164,52.996587331388156
2023-01-16,24.092654262634873,59.64226505353653,57.081845079677024,35.68954149281387,47.921129894337625,55.16743036373556,77.25516018884704,47.56317809666906,50.551650554031454
2023-01-17,28.156684029519266,36.326406266684586,92.56716213700962,31.144214236378296,63.85906639660041,69.20162804683403,82.3944305684318,74.65892811954348,59.78856497512519
2023-01-18,26.86956523747395,44.3486361430455,93.58536781691215,31.790235175362778,57.28183382348541,74.11143295295074,76.03045145180258,80.71839449202663,60.59198963663246
2023-01-19,29.541902968868513,55.08984918893322,67.48733084741383,26.3825219119828,38.41181013486944,49.80286721716737,72.37564193068307,69.91127006632972,51.125399283281
2023-01-20,29.79483978592704,57.88460274048381,54.69233468554207,31.187528070858065,38.15818070259204,71.57614462803733,85.51653622635395,95.81751417719731,58.07846012712395
2023-01-21,32.90511248237162,33.87640847827105,83.21297376904616,36.93005808534589,39.19039749409259,57.23090367121147,81.29361023372772,67.35647024829956,53.999491807795756
2023-01-22,20.64052158932926,51.465934892648136,70.67846938509929,33.1597517870392,35.46928917307282,72.32477543009043,55.08767751886636,74.06248753358885,51.6111134137168
2023-01-23,32.34184887871287,42.993803388181036,62.29331957010138,30.170098980484696,64.93034904196504,69.54733060005023,86.6724684679914,79.02368871915817,58.4966134558306
2023-01-24,31.221825144620873,54.64101656861601,99.77400122261572,29.254931073635248,31.696371825229782,60.72887967679772,72.44432440330462,58.92702877289946,54.83604733596493
2023-01-25,38.83708100586101,48.428595979918526,93.7170469199919,28.206285133589333,35.7305594747992,70.5109529728982,64.89072035327452,79.60233924479905,57.490447635641466
2023-01-26,39.259346346374855,52.0385721982602,91.20707804537054,23.324013022817226,36.06044456652435,49.353927727937794,59.371278203260246,66.93045586603859,52.19313949707298
2023-01-27,20.283143114173342,51.437256666026755,88.06205497159701,24.179880538799857,44.79548301734895,55.55692687742856,74.14098108750258,82.51152049745883,55.12090584629199
2023-01-28,20.509022919802177,43.988067919826555,70.12951620434394,33.61643914150487,43.22278911883022,58.62534151022716,70.80589398384127,84.68071776180997,53.19722357002327
2023-01-29,36.34416552467825,52.4073922883334,61.94619144592757,26.908974189361455,52.3541058741688,62.319456616002995,63.405837444275946,73.51367489529528,53.64997478475546
2023-01-30,39.50875567345872,53.65037299433767,90.7372370718119,38.986837511211135,68.0148695262559,46.41537643846513,68.64363650639353,80.26682825538495,60.77798924716487
2023-01-31,27.681440621072834,59.88350878355932,58.758561679089986,36.05080745921208,37.66601060792925,62.086749617482,79.74725323445531,96.82826621580452,57.337824777325665
2023-02-01,35.54057643723613,39.61798205716028,63.895398789053274,29.722959722879118,46.21652780514029,59.061795364909074,65.66547529532497,60.89786373308575,50.077322400598604
2023-02-02,32.16647042424153,48.74731707296837,74.2426502382485,30.845223821917678,44.22936876798511,60.80835971967653,62.86793202371537,40.30157122310776,49.27611166148261
2023-02-03,32.13509743153952,37.54774446723078,97.25573198209815,26.819234299584586,68.5112506424942,64.65514342250688,67.93505603442149,64.10934999524326,57.37107603438986
2023-02-04,21.653100695660072,37.27632574240011,86.60021717115106,31.641047874582043,56.67936514108595,63.29329013254217,51.84348900262011,74.92161634845277,52.98855651356179
2023-02-05,28.8977324942271,59.51387025749506,88.94135593545539,25.08051848294569,50.041986528681875,77.86953879083987,73.03430391711191,53.35523178347017,57.091817273778375
2023-02-06,38.9572085295066,48.21901558647791,60.779096374401966,31.2128048555975,53.065404069177674,52.17002252363106,50.69399477878686,46.97528336617858,47.75910376046977
2023-02-07,31.902842851438717,45.06382598635686,59.578460281456735,30.337072388513434,32.53758272837638,66.23783879043478,64.18002700976601,90.06856506704678,52.48827688792371
2023-02-08,31.029589103224517,52.30397456601974,84.7227344512325,34.238287044805745,58.05586695243377,61.05306343875276,52.85749027539653,93.96739884283816,58.528550584337964
2023-02-09,33.260146797776564,31.40308379826471,55.97286862630729,20.13694159732634,51.00696135666257,40.64274759942807,71.01395304896708,69.49978390503894,46.61706084122145
2023-02-10,33.53798001264785,47.74242849620033,99.02937013179331,34.252670760753716,35.54053695064921,51.55508630728863,78.50946668098065,93.53452691069661,59.21275828137629
2023-02-11,33.348232249075544,57.14260529282482,56.747106966671396,32.25552913587195,31.573035264061332,56.88209789745434,78.89440166228674,56.46145452126298,50.413057873688636
2023-02-12,22.055893391264714,56.87810125753403,72.50173767371264,25.42724865754271,56.61708957755107,69.16106075660731,68.55829773546805,65.9084116376929,54.63848008592168
2023-02-13,25.960931989530895,30.021139673741867,73.8130346547352,26.721529845108225,51.79402279792534,68.69728239175134,88.88774089417686,45.90445470236625,51.475017118667
2023-02-14,27.006611588981286,40.37924204623917,83.54827804150162,25.17094638644729,66.6008728917708,47.40613582772254,76.92521104677509,57.947811050842056,53.123138610034985
2023-02-15,36.13608758700183,42.19600540860993,67.27236627662987,27.086234295806243,54.624167911767856,74.16757121348097,58.53240519919811,75.33517567819138,54.418751696335775
2023-02-16,28.652236432050675,50.34694184977003,73.42962190416954,29.237013492730505,47.93806103240226,78.63387939792658,58.725519379759625,78.13088878463775,55.636770284180876
2023-02-17,24.42917681437162,36.84582776510301,58.54491278868028,24.467345703411294,55.9211740911742,69.45312714530762,89.6850480796814,69.31952380004638,53.583267023471976
2023-02-18,32.72945502909298,33.71149292437381,51.68905680234286,35.59149051237497,33.3489672776303,52.56077911331625,83.16658614690172,43.747893114515854,45.81821511506859
2023-02-19,38.81186079823398,34.20564288529131,53.6265422727346,28.776706790326465,35.02477823941271,68.38357521140892,57.12512552430046,91.66085347065157,50.95188564904501
2023-02-20,34.912950961915755,53.98354605078114,56.77030634627441,21.53476999085716,65.7959812186925,72.6414709839573,63.44222974448246,59.27654347805898,53.54472484687747
2023-02-21,34.69967296882979,41.89680410519204,68.8329320298735,25.90660824732322,62.19769896917949,47.87762393204026,87.18861090479076,72.69527344378923,55.16190307512729
2023-02-22,24.61578550047303,39.81696437754495,52.18123973796294,37.712686626545064,38.51777916463945,55.61940560551781,71.6566771087413,58.1411345021328,47.282709077944666
2023-02-23,29.975388693535898,31.885416257596077,74.42150081646801,36.557523427282646,47.780515885425174,75.61863822048588,67.41589663233093,59.32498173207757,52.87248270815027
2023-02-24,25.4221797791157,50.15931836066004,87.58256072399675,22.662192219075607,38.27790967528266,77.1732877816921,66.30518311085922,98.59964791539011,58.27278494575903
2023-02-25,30.955810186109584,33.55644855046727,69.87757757276225,35.89109741701668,62.48640775671032,40.418752971150546,50.06466335912976,55.414805133891164,47.333195368404695
2023-02-26,21.36729186160619,51.52552516652703,81.02893160456483,27.69221680475681,42.16263547055384,58.18406044222981,77.05448003934235,76.90616049761637,54.49016273589965
2023-02-27,35.75230901488791,44.40292037032238,69.5049292897601,24.79520359741226,67.02853654133997,70.52035560768503,52.181758084927516,49.0456750450764,51.65396094392645
2023-02-28,35.153035024626725,45.478826067111605,71.49330895472421,25.48589121993792,39.38680129829302,73.34485915263035,69.41443050852251,93.52706113597688,56.660526670227895
2023-03-01,36.02063640141137,53.21618140833469,85.59040432004687,32.120735317787776,69.85837518755812,66.27697935776517,73.8417079754764,71.65219470218652,61.07215183382087
2023-03-02,36.88205483045148,40.38954951045045,75.59497008563429,24.981940242374236,64.39097504700158,45.00877332666229,82.1118789794514,70.54629542528636,54.988304680914005
2023-03-03,25.00183815796832,33.89787366885067,84.44018085206895,37.69868895910532,50.72540867020844,64.48586256076844,62.160530207860546,49.19675375424505,50.95089210388447
2023-03-04,22.06624683904319,48.17977505725309,66.63372868927848,20.3370755151052,41.97046927244959,76.84144063557946,58.21632406015299,84.07036390057502,52.289427996179626
2023-03-05,25.6355646109362,50.36525924998627,59.737961453322036,29.168021866920967,53.92194407272557,68.12814954984259,76.03740696897864,90.37803134679072,56.67154238993788
2023-03-06,24.679964852782103,31.039052042635703,92.44674024984192,31.04875920087986,54.95042173645079,45.91666550928751,70.88986034947308,46.54900960494281,49.69005919328672
2023-03-07,31.19574913206687,44.23461375081993,65.32011775319627,20.038719803369606,38.922271200224046,74.49542513983518,75.5105593534793,61.442048199045075,51.39493804150453
2023-03-08,36.17950221026803,46.65664722159442,76.43348498201782,31.191160681421575,63.624227071016655,68.03759140819918,55.86557215920333,85.93551465585595,57.990462548697124
2023-03-09,36.24923390165513,48.2341673536544,76.09988554023265,26.03433041192622,64.36359169684758,46.357989603769674,85.19579307594668,99.40214311018121,60.242141836776696
2023-03-10,25.111979718578166,58.895972463428826,83.58710280526516,36.92732621016932,69.69023565203622,53.19850443815554,71.46925197990315,77.80026619204355,59.5850799324475
2023-03-11,23.384564708660427,54.92797176043436,53.329449233754325,24.09472910248929,62.9642041523917,52.44004570143871,70.1008051569087,55.61952209652773,49.60766148907565
2023-03-12,23.369698218733777,33.20250300632985,99.46541640207985,27.125556416157337,37.24027890652384,42.49583825229623,77.35207334960596,48.48908555721123,48.59255626361726
2023-03-13,26.26759979518257,35.609156006630194,58.66600210878127,38.926907980102435,48.48347982668646,61.95110408984779,85.73057674862278,74.10689374571791,53.71771503769642
2023-03-14,31.135353539271502,59.539398840430685,89.70900178892495,20.804537993862834,63.39673312446931,54.598048795745,86.82479306433049,84.34969254764788,61.29469496183533
2023-03-15,28.37629293986396,49.499113678969124,67.04165594986262,30.946204012204447,39.920633040290404,48.38515269708769,73.93624800555509,46.81950842136865,48.115601093150254
2023-03-16,24.3961838194963,31.142828878676077,86.15523159666527,20.690237714627827,64.60201834434173,41.172639801732124,79.59921457647164,82.6676958761955,53.80325632602582
2023-03-17,32.01211500641056,52.812522044352775,90.15016020597878,29.641338341979836,53.39346906803398,76.7235122278106,69.24550859740091,46.4117984081337,56.298802987512644
2023-03-18,37.58120501809566,31.305369457676413,90.30353319691017,23.832446599071005,41.99559993143991,43.82424505948583,85.88295636583919,81.4973797922519,54.527841927596256
2023-03-19,31.181212602287466,40.53255893334111,64.79418982464189,29.446453671111534,53.16238162221332,73.22679509377953,69.73654236141833,54.95323088203283,52.12917062385325
2023-03-20,35.720430869826586,31.361667972670322,81.45558557201699,38.24701924464959,40.591186637956895,48.08783479546577,50.714782071720016,46.800365438573635,46.62235907535998
2023-03-21,36.540571795189706,37.51383308424117,58.04927939294154,32.02418085439517,58.84791696089972,64.21447076605202,52.38019638051318,40.64670786832588,47.527144637819795
2023-03-22,32.808174427181555,39.28209873934358,98.96646396897869,24.65518080116912,36.824537093059504,42.59342875632237,82.36324712227342,65.0776256973812,52.82134457571368
2023-03-23,35.27113415518116,33.50347359995279,84.52405566575345,34.54442495116737,57.443177479741834,56.38751033205832,57.279656048263604,96.10297964938172,56.88205148518753
2023-03-24,23.041867625118776,59.44348715518292,50.14287009487503,27.7462359511904,64.41051084199395,40.91983562511337,67.04841009974979,76.15716702090052,51.1137980517656
2023-03-25,37.17065099969063,59.52520518891613,50.98925214700429,24.498676640463223,42.34831305469267,79.50133664147036,60.927614028393805,57.213422690901155,51.521808923941535
2023-03-26,25.889302799881463,44.386936614045325,72.20534135548553,23.10773425357316,49.58162000412089,50.35340534919064,84.97136980086427,61.5944826259726,51.51127410039174
2023-03-27,26.235484561201545,36.89252523578763,75.17785248474738,28.359795897302575,42.97733377874613,57.57220957743273,87.4389764054484,40.799338478780115,49.43168955243081
2023-03-28,32.49425211407348,50.40576423682023,96.95327364604071,23.25426561778951,65.30120921907157,73.51739959539408,75.55170083213665,96.35969619645661,64.22969518222286
2023-03-29,27.195722672531268,54.52993740258927,73.60629322921204,39.649590037657816,37.44080860574456,43.343087484634594,59.99430719620404,69.96347917979065,50.71540322604554
2023-03-30,37.66253075286151,35.1436486106403,80.34263734415988,36.92842847356017,44.51503093472252,66.65899615721108,68.01482595573654,97.09169138217081,58.29472370138285
2023-03-31,25.651442323336603,41.63404305871142,67.40019149314426,31.60059223641864,53.97813690232694,46.95050566771501,71.44141858215391,46.429465022625365,48.135724410804016
2023-04-01,25.820234699923734,49.157868428385726,50.835379566794096,38.79123524773752,67.88624446795211,79.64771453845177,59.44358166673594,53.65384599270642,53.15451307608591
2023-04-02,24.369178930768772,59.14569996191159,78.16627792119425,35.649216417927434,38.551311658721524,60.21019018834821,58.90648932223445,65.8375918244572,52.60449452819543
2023-04-03,22.294075793372407,39.975638946767226,61.85089104090288,29.555982260988984,42.61999844043102,64.43066781776348,64.33481677649164,54.97494819681442,47.50462740919151
2023-04-04,38.95451497759631,59.72728161392703,84.13987987219144,33.93177550534274,63.82343359374701,66.68971643705332,54.00782340826284,67.91680555283392,58.648903870119334
2023-04-05,39.649880543293094,30.374856333952255,51.598033533530206,22.306421261093753,54.3430562807346,61.405899416862745,87.13792525276874,88.6979402717019,54.439251611742165
2023-04-06,23.958519854561683,38.14873335448583,85.87594121343474,32.91414506811752,51.635005502605324,49.793129821730005,50.63341174713477,41.27855339701229,46.77967999488527
2023-04-07,31.583326607022485,57.09572554489463,93.88287377371127,34.84271060777836,39.83010301692042,72.07135961698401,53.85389666650849,57.165726316684264,55.04071526881299
2023-04-08,32.50288082922597,56.48078583017964,84.57334008141216,30.70353351823479,68.80530464694954,54.38153586928209,63.64297961133662,55.80717847783198,55.862192358056596
2023-04-09,39.517828780912836,47.58695035381484,98.86561946028806,33.57990427098603,46.942449077572434,55.65219418227902,57.89465607821243,97.94193506820044,59.747692159033264
2023-04-10,38.65091401937692,38.19466826097802,53.40032310229573,34.141516768799434,57.96143784686453,72.8135934892173,76.74378729042778,62.20544728245846,54.263961007552275
2023-04-11,34.078647211608,56.06121097762659,51.84945436111291,22.66098676483609,36.60097042996631,41.22932325479641,79.7451158600537,58.877762452808724,47.63793391410109
2023-04-12,33.89135136427467,51.037383687044354,66.69565071484747,37.0298133156717,64.12721059791059,75.2293508944562,84.88271571195398,77.33385192672472,61.27841602661046
2023-04-13,39.35974076295222,44.72130930559302,50.9129528919456,22.76995189413025,65.76842728819031,41.27775374605589,82.18016790880878,76.02561567234842,52.876989933753066
2023-04-14,38.02766678377606,37.120242577111206,88.56853168969371,31.203269305869178,63.48977458924519,57.54202126199158,84.70496242084494,49.9295885750953,56.323257150453394
2023-04-15,25.66249067263712,37.427576003817784,73.39096552865746,27.169933384674696,30.931424068482176,77.05560333257239,59.389045019347634,46.97978500872359,47.25085287736411
2023-04-16,33.940515426917564,52.458928901896115,71.66449288143065,29.654145879274182,30.757525174290592,63.00315552201887,79.46909589106244,56.29609776615175,52.15549468038027
2023-04-17,34.695436269589614,44.15755161030809,70.35416975459475,25.401307356865992,55.5472624071212,65.81821741823097,57.23727313780637,81.20859495785189,54.302476614046114
2023-04-18,31.80307223359911,38.2741692574456,58.18570073013797,26.176095596169894,36.26120603299111,57.539684033741224,84.81888394882833,91.6273057695784,53.08576470031145
2023-04-19,25.72750123425782,47.865741416129396,86.43424344894083,32.50331170404942,67.51312270698122,78.04219940721592,84.6840173535614,42.83019780170053,58.200041884104564
2023-04-20,26.605604431812182,58.21376258524446,56.44925243447133,38.865775044159136,36.04117204737872,51.73186812823265,86.02782969982053,93.861990604614,55.97465687196662
2023-04-21,38.3266417944057,44.78518597438168,87.00719853858985,27.819611120444797,49.045802761034814,55.47761606379013,74.73327692807024,76.07845551222736,56.65922358661807
2023-04-22,34.72203126363782,32.458398049257504,87.60423958733534,28.197702439550426,58.465176204272915,42.69639143743841,60.90715150377244,73.04099291240519,52.261510424708746
2023-04-23,36.487598705806406,59.1608923846719,87.69312117076356,32.825588214502076,55.70038416160472,40.92230523883217,83.90465407921127,68.96996293085608,58.20806336078102
2023-04-24,34.149792142780164,57.51029942893602,83.4959811154365,37.353576208139316,57.43480725767609,51.28551565974888,89.50960400891796,42.86002018047871,56.6999495002642
2023-04-25,25.544466512515307,41.96525216367172,94.28851366525895,35.674305636212225,60.0253854001418,79.70804538668403,82.30419875989404,90.53818192269338,63.756043680883934
2023-04-26,35.937644130468314,56.365212717099354,83.44720441789325,29.123378657520657,44.36306624736423,45.292418894821175,81.993418111095,64.0427286592355,55.07063397943718
2023-04-27,26.879731280532813,39.16631301567053,50.227215172594576,24.144323498029266,58.62710286734741,53.59752285288846,62.86833227019869,41.91297012708335,44.677938885543135
2023-04-28,31.792724894141188,54.54559660487809,82.89049644993517,33.14461638491774,42.97397700037353,50.909932365752475,75.27210896445206,77.41469751008701,56.11801877181716
2023-04-29,30.38430384320246,56.30347434756915,50.152166138618135,31.977955155539995,48.36175161632236,77.90536435182067,62.37438757369161,43.26785417625901,50.090907150377916
2023-04-30,26.263951898723963,48.27615256846566,77.65999359731981,20.378359510341237,60.093237117992636,67.2425162572926,84.86579896876943,78.91263408109661,57.96158050000024
2023-05-01,33.59377326919967,50.21693073069403,82.57389507026421,33.17012305061928,48.31454660264875,40.13708390186115,88.32351811288191,92.43362576065036,58.59543706235242
2023-05-02,35.948802447579084,53.8902641484558,53.325137413062194,24.97405631719606,33.76932766665633,70.0453455956441,75.2793051984853,84.12128426802866,53.91919038188844
2023-05-03,22.10601482944017,40.76067285390895,96.49895458246769,30.288823767525617,54.378191998776,62.319668640334655,66.9817608680426,69.78744032512118,55.39019098320211
2023-05-04,36.389160706498345,35.913468946739954,66.18182726244828,25.37077489979143,50.527695021021664,53.256234149978,58.24324566992128,74.80261374841317,50.085627550601515
2023-05-05,26.65653952568342,45.942484410737976,55.84069943753466,29.029376797795152,40.10236982984674,53.72619454438559,88.01037294262532,64.39619956309195,50.463029631462604
2023-05-06,38.28033716480523,40.81282663861712,76.44332608150569,31.70829917648531,38.798533140822585,66.33987185121963,72.39313230042285,91.48169021733821,57.03225207140208
2023-05-07,37.844783197784835,35.465774475781586,61.7653337365352,21.37922382573069,41.42418895225114,49.62646000271381,81.42674831793093,78.89928622526023,50.97897484174855
2023-05-08,21.878805537841316,57.287879732983214,76.24187386778517,23.002663352104026,49.83159070472186,44.020230879281414,55.152789371280576,51.9224374460089,47.417283861500806
2023-05-09,24.909710828118637,38.20934574289504,57.63338114786162,32.94495655388558,51.25739320537124,64.41174353911919,71.73548144667535,91.14225989224236,54.030534044521126
2023-05-10,28.531940318359098,39.22303635806469,58.34766204335016,28.532046573212885,53.13415846022647,65.48228279716277,73.076159675905,44.22604940422208,48.81916695381289
2023-05-11,38.573656351867015,47.79102740770665,58.09441528192991,39.21749273949257,39.20239159823174,68.52384575255623,67.41934381524376,40.67278407396443,49.936869627624034
2023-05-12,30.9731790699253,34.23212829632786,58.44351564081038,22.429857921805652,34.329594824552615,79.23028439490437,64.95455890615094,56.581459574258346,47.64682232859194
2023-05-13,34.539756806300325,59.84699913493003,81.15019455178843,22.370161908208626,48.19102962455832,58.38826114706306,73.04343479967267,71.63292155031114,56.14534494035408
2023-05-14,32.07953580846823,50.39506675337208,80.94723049393045,31.299051979005306,34.08523980195126,45.67189266422693,54.61010175872678,52.643856916518146,47.716497022024896
2023-05-15,31.597058928463383,59.46411644202395,83.69365671850197,21.571624075030833,47.386338110656766,41.83175311132539,57.686519231356485,89.40691524948961,54.07974773335605
2023-05-16,32.87401655687592,57.901383204766184,82.68006040096796,26.61315632449071,39.5908258058017,42.33018871640074,80.80427596739244,76.9384378034897,54.96654309752317
2023-05-17,26.389916415739343,43.62129003987644,88.72829081762828,20.594221732200168,40.48139466069519,53.289743990627215,57.52010951177938,64.33715230172403,49.37026493378375
2023-05-18,23.7675137405734,52.58707903280622,61.68551049163223,39.31351479175189,60.2802829970956,69.24609203462433,85.36412749041259,91.83300010214853,60.5096400851306
2023-05-19,29.87158923198194,57.466163188269064,56.56952763350329,26.764471868400115,67.07791080153501,44.32930028029668,75.38843962438531,65.75564260827815,52.9028806545812
2023-05-20,34.4510342760404,40.080772734299096,56.29395908604938,22.64144567450624,36.94412926440827,79.52432255058878,80.27377973665438,58.96662275707503,51.14700825995269
2023-05-21,39.79325786722288,55.03624063501194,53.83598483544291,38.115185002844285,55.887096980471966,76.20529365146912,66.09743764461187,68.65652901810783,56.70337820439786
2023-05-22,37.001009510905845,34.14093787515191,94.47857094119766,35.527416244931665,40.36817981900839,44.60538925034203,89.14599201749434,79.41278397110656,56.835034953767305
2023-05-23,39.96213179367354,39.046294646689724,93.97244692710501,39.23572722749185,65.87641531013395,78.52842708557714,62.127122151754975,57.16867367567785,59.489654852263
2023-05-24,34.15667239606787,51.692298508689206,53.08693741892984,31.696296354736653,38.66545952354359,50.82667880937828,60.8740476687578,41.67040052531258,45.333598900676975
2023-05-25,37.32847986430269,50.15330170681545,57.08084047624489,20.39267822880156,39.9400260693167,53.026399669988876,60.75834613721305,95.00659932609832,51.7108339348477
2023-05-26,20.79194106918758,57.21476865220264,97.04657179027,27.526000994850847,38.661320903250804,76.54466984739258,82.6417717115397,65.58183297987732,58.25110974357144
2023-05-27,39.95122688996828,30.95650726474969,81.3000303677571,21.197092813457004,44.68991588675323,53.024578962961684,71.08404261570476,96.61509578560113,54.852311323369115
2023-05-28,20.123107317757366,53.42822622464198,97.03026812835441,21.067695854819018,31.848055570359463,52.753723150854924,75.2383509701248,45.084448701677466,49.571734489823676
2023-05-29,35.39227523584796,58.61520338460451,54.004011454065136,28.627127137948502,69.46292630293365,60.20262377063178,81.78073355148996,97.81201653724688,60.737114671846044
2023-05-30,27.710913497394145,43.26032941285906,81.15594073775745,33.79180617524845,56.427677569412964,40.9991221276661,60.87757919634041,67.13052931765655,51.41923725429189
2023-05-31,29.251480628425327,58.109848675867916,82.70155135563799,31.29916342672686,58.95792092538808,43.10305129961633,83.97313302051955,71.09865326546077,57.311850324705354
2023-06-01,29.800646484598147,37.54292495039141,68.51471774838566,36.380833020027154,32.72214290454383,63.62717004719681,71.09261854158322,53.5424396639214,49.15293667008096
2023-06-02,21.664025332883938,31.5830471860906,91.85414439618268,23.447263353667715,50.95460835474796,62.619612242217066,64.45022090416049,84.15597861018279,53.84111254751665
2023-06-03,26.225505197326402,39.86373950474554,97.4144938171271,21.53706814977871,61.88363562467381,62.81101977566014,52.08097558629718,48.931243014853976,51.34346008380786
2023-06-04,38.798088262325074,54.56816124557699,81.79877937359102,30.917612342519742,57.60760133706441,57.47182356079968,57.52465937593417,83.06018942136905,57.71836436489751
2023-06-05,23.47730060594173,42.12701053388199,84.49925792916983,38.98892993989231,49.441375907775075,66.22862653806952,75.2608854528306,77.28888250225064,57.16403367622647
2023-06-06,33.85965503081823,44.62680061447338,63.74035106700555,30.71617039696731,42.697292827227876,51.202154881923775,73.41262462865971,74.29704513662693,51.81901182296285
2023-06-07,34.05604901333655,38.41069402086975,68.84439035709633,22.912446528378506,53.05454870518642,43.71639875260125,52.19803669681944,62.39924425805854,46.94897604154335
2023-06-08,23.69413525600516,58.58731268476478,63.17522245503625,35.37523131434642,50.74827781934832,72.02377082453182,70.88935786499272,61.20864860198052,54.462744602625754
2023-06-09,31.45647554364392,45.43283024324794,63.11936897178121,28.486783251332923,63.04697982247512,48.224720199147924,83.14240827274739,54.33623722188343,52.15572544078248
2023-06-10,20.0252507521843,32.791359613981605,92.57678756729695,25.205309362521593,53.17596017349601,61.61437556702603,75.90943557459084,99.67785418259184,57.62204159921114
2023-06-11,22.625137394306535,37.88963888441552,79.58655167833228,21.714629996934338,56.53046517288355,76.07514850818879,81.56395124264603,53.91145498355801,53.73712223265813
2023-06-12,29.85066946010206,54.934578131835245,66.69966955226755,34.38944107129351,62.91392019180655,61.624388578775225,58.37784302647158,98.59840867434707,58.423614835862345
2023-06-13,27.878908782374484,52.794925497278236,57.85813398282728,34.616407792388884,68.96239358284956,63.45291227722551,51.93383719093175,69.01900744474229,53.31456581882725
2023-06-14,39.83530915417987,46.34429061394393,58.1577965221889,22.521632321311756,69.12270393991932,51.270699237678535,61.75976807495587,48.42575033243217,49.6797437745763
2023-06-15,29.464577238994202,42.05485446689056,53.28366408771698,32.8413140136954,67.88259179525544,41.935959400388235,81.82286719275156,86.98408364855341,54.53373898053072
2023-06-16,25.92308037464311,54.46681312585129,67.16454852428552,21.966935903436504,31.51376000753865,77.74954885579372,54.30955476768311,61.45540898863625,49.318706318483514
2023-06-17,36.02280018431655,37.851090085436,94.62394920625948,35.30636902936281,31.435385863114846,45.64429323973011,61.54561449010996,54.918951361180916,49.66855668243884
2023-06-18,31.01173445515714,34.273940669473575,59.20387223791093,30.36744443321073,60.93430683804407,44.40003069860248,74.19353930259994,54.21418448287904,48.57488163973474
2023-06-19,31.888979355168537,37.65639294727177,58.57114380587704,31.039493826776177,53.60050211422417,63.27845028596748,89.36157074754277,50.141709731168014,51.942280351749496
2023-06-20,39.550629354299026,40.18951836581422,86.54258920103855,30.11587955313074,59.930677756629336,41.593662301813524,84.71266120736136,50.56810803957949,54.150465722458286
2023-06-21,22.823814553900743,52.028263027372674,68.82794279028472,28.224416507211266,39.17949601288035,62.451013818528025,57.06902388664545,84.03785681228896,51.83022842613902
2023-06-22,31.988657025038957,32.371418061047194,55.405890513957566,32.61239380063195,52.9607935585369,70.64065212739192,61.35291438865998,90.35771156881427,53.461303880509845
2023-06-23,25.079886175910534,38.41606552052601,55.04588351331518,32.34601297818776,39.62157934243827,53.630343838858586,89.39710347416914,55.4567452601087,48.62420251293927
2023-06-24,29.246975742082753,44.83202986341568,87.39432039603759,28.847349986565415,45.327368117704516,73.34178537927015,67.63016654224491,84.7935899814146,57.67669825109195
2023-06-25,31.88705800833894,30.196278566281904,99.23680870021093,21.516717075413034,48.896655049413575,74.09292470474767,70.93867903999671,81.44809149265603,57.27665157963235
2023-06-26,30.525409065898128,41.92803994422373,55.0297337091378,32.89867018920935,34.918473082033145,47.613142694098514,64.89062922167288,49.83166615983848,44.704470508263995
2023-06-27,20.47477194186381,35.7273514359681,96.90087364794658,27.774433261493225,65.85343070277,46.33046044694571,62.624510873603306,64.61459982855335,52.53755401739301
2023-06-28,21.560982528190934,46.645912824259256,89.59815780413967,39.39408688310634,59.23009121813378,59.321857613555586,75.48879957061376,89.78572308692029,60.12820144111495
2023-06-29,23.415341164046477,51.79111779468798,88.88745690841075,32.630907277310754,36.598957167014774,72.02424346687755,57.03443134041022,82.12759360514606,55.56375609048807
2023-06-30,39.270119134655985,45.662555593586845,90.25306712494962,28.115284693299607,43.26988441716685,62.95994518332387,68.19551927416381,96.94395805206838,59.33379168415186
2023-07-01,31.344496679015656,46.982153521285554,79.4416645464081,32.383768097362406,57.127831124733234,48.58332354156918,56.598455308360215,79.77549179255794,54.02964807641153
2023-07-02,21.718837894803848,30.660060591608207,51.50497993613213,23.98754011067458,46.29230861485513,79.31257907905784,51.96393486812794,89.39697592827483,49.354652127941804
2023-07-03,28.44879435546169,47.14847692722772,74.57843665309714,27.224307417977162,31.284772610233205,42.329996144427035,83.40257448310706,59.48928573300876,49.238330540567475
2023-07-04,28.181341046462084,59.63584438128656,95.88571579666669,22.42626953294955,49.13098476682056,67.4116900713858,75.38312912033858,94.48994168292492,61.56811454985434
2023-07-05,27.060838718669057,49.331100614464304,66.44833523058952,22.899466449903656,55.210705447736856,62.0597343695659,68.48776129992265,97.54050459124022,56.12980584026152
2023-07-06,27.37800210982703,38.46137493536578,68.71789119693949,26.986852871593243,49.45599183002207,75.94895103785355,50.877551952722875,83.87803081897425,52.713080844162285
2023-07-07,28.235442530710657,38.29258184687932,65.06136940575641,32.07843026086003,68.6780207032065,65.47846685620642,61.88353934245971,42.40584001973377,50.264211370726606
2023-07-08,25.864647215461506,34.21365627268443,58.7872528436995,33.059113141352896,35.30597378694666,78.47756053799485,77.66977684151081,74.14332381855019,52.19016305727511
2023-07-09,22.798848265657305,33.16431251206258,60.885598202441116,33.57336406098432,33.73644962069181,68.58837605858648,88.48178997291842,92.28357018091856,54.189038609282576
2023-07-10,27.279489010643964,59.11222609725188,76.64613421565362,37.794343846282175,65.67242910330782,64.32774969888202,85.99674571755284,88.56430880114868,63.17417831134038
2023-07-11,38.19390868430784,56.05967481387354,72.24287957542269,35.94450806872945,64.47921612490985,51.87178815975372,66.13277868458944,98.74881480327338,60.45919611435748
2023-07-12,32.839178615768674,46.100539013470474,91.1793695654161,23.006433257445337,54.30524812228937,62.92143956487776,68.14739998205702,98.4284709016284,59.616009877869146
2023-07-13,34.099683710257366,34.968615715802535,68.86330557748835,29.53581573158953,38.00752734445783,74.87949178652376,89.214758945667,95.41823243707077,58.12342890610714
2023-07-14,21.00096814289435,48.242028444956645,72.10830718827333,20.882464143409727,57.924306509039525,77.03076718235062,70.49607197255344,84.08604794240433,56.47137019073524
2023-07-15,30.98801256930367,33.52296684217519,91.7924354879368,29.19525521702497,44.76000535677224,73.64610272911536,66.18267771691241,62.521071053324206,54.0760658715706
2023-07-16,30.587018555569834,30.95994845407261,70.55239871469412,32.02990862106144,41.8179941983816,64.80163981509425,67.7956289173861,73.57578113518798,51.51503980143099
2023-07-17,20.689765564558122,59.36127608687572,81.27255901409752,26.447290579289916,55.266244541068026,50.06057673243247,89.61615905792176,69.48505680533358,56.524866047697145
2023-07-18,23.697626761489936,41.217655029953136,95.7317871736806,30.554605600503997,49.508969543076354,50.22797576790866,82.18436512755878,77.95511268381668,56.38476221099852
2023-07-19,34.305241566603385,55.920375688288885,83.6040476274029,33.67269866034859,41.31884513945542,46.772746566301045,50.40926476115383,62.526509906032445,51.066216239448316
2023-07-20,28.46420015128389,42.52149566733836,93.46837293365044,24.93374042387577,44.41525554285768,43.72707556692782,61.837446927424814,42.70939405890897,47.75962265903347
2023-07-21,39.4748162320896,33.02787932213593,93.66416375128944,32.691080712061925,39.0015444142133,75.26699079625406,85.75371852286641,77.7607865705528,59.580122540182934
2023-07-22,22.36522503853677,35.42701089630485,91.07630139255855,34.9881758395644,61.57504029001477,71.00007357704321,71.08281721455751,90.60751272552315,59.7652696217629
2023-07-23,25.275864024651497,56.66611039474042,70.01487613420869,31.674698505123242,61.49766512091118,58.03670392464868,69.88164244353081,67.85653432510745,55.11301185911525
2023-07-24,21.49590866273075,36.45434777002567,90.40124856623285,37.25839338298752,58.59011760186497,43.355150651369385,68.41330474437302,59.60840594419467,51.947109665472354
2023-07-25,28.76821098270005,34.420743870074595,99.4641538607847,30.039627228725088,37.11655091903965,56.87617450789266,82.76166424792675,94.65745321377207,58.013072353864445
2023-07-26,27.434007686839998,39.31449869310724,65.71463648106204,23.976648219615246,54.144109686971134,62.39540727141831,65.98336682625927,82.32136660372544,52.660505183624835
2023-07-27,25.394352316435928,55.6595721760614,90.34357369586058,26.658882340530806,35.50084231978545,45.20279779456347,51.5057068018167,88.98406039740536,52.40622348030746
2023-07-28,29.01970444285491,43.2850111251649,65.0659544695373,29.991229762742517,40.19464167928557,55.690648752059914,87.15838206312948,45.10241762338765,49.43849873977028
2023-07-29,34.138926594157105,34.99084580231593,64.2060939643792,36.811128517523464,43.23391893649131,43.7937600416677,70.52594128444346,52.92818183663778,47.578599622202006
2023-07-30,24.337662464849974,30.84998781509305,93.42263584428943,24.652400604655874,68.82565688445497,51.616903063021375,55.0235843444052,54.278223418968636,50.375881804967314
2023-07-31,23.509139086927366,33.79124910373199,83.39490263246702,32.23622257182785,63.064575259736515,62.81657674855199,71.9911160261749,96.03738059318357,58.35514525282515
2023-08-01,36.8462272252161,47.17519850799799,69.33812226280025,28.542299746658855,41.61927795582584,65.86630538993009,71.03010101989571,73.2530385824835,54.20882133635104
2023-08-02,25.757765481807603,58.85769313200822,67.36336876975699,22.12128022932758,55.8676327109994,61.6160352964251,70.53877602139012,70.52921960361637,54.08147140566642
2023-08-03,33.10885612834557,38.066601412713894,94.33674626218567,33.414728163124074,49.28730763460436,44.62264020806734,75.35868791473109,87.33191244955903,56.94093502166638
2023-08-04,32.9503706448902,57.81752300160473,50.1738623258381,38.78248352500516,68.17093342134181,72.41113131059046,65.27427715795757,59.96141282592769,55.69274927664447
2023-08-05,25.80603723095507,39.15445703169706,62.826827276565425,21.298907130260048,56.85552560739817,69.58678629085738,81.70089937649243,77.18767666847705,54.302139576587834
2023-08-06,37.23446610358156,45.55845803344124,60.417898358933854,34.76831843127773,61.0629346722312,65.30301438749625,84.37862929152433,40.623202578365365,53.66836523210643
2023-08-07,31.404254564708577,48.63612214624683,58.617852704528964,39.408788720814755,39.221729078820175,53.759660351908984,86.22298525961196,45.457928527690186,50.3411651692913
2023-08-08,29.138210404238876,41.79851504113722,80.27230048081236,31.53582684282798,49.64621867364916,62.74475441796733,80.8766582298473,55.48110820087479,53.936699036419384
2023-08-09,36.02979225327944,51.85386389987051,55.266902289588685,20.232085447230748,66.0688695921366,41.578508610030354,88.22989180540377,89.973573385315,56.1541859103569
2023-08-10,36.371646516795806,30.19040267607657,97.57163055578755,34.7285280463446,49.60230018848906,49.204856862886366,69.00260193758001,65.72746228087216,54.04992863310402
2023-08-11,31.46208566335241,38.782677715052415,50.806164255089655,29.60381169171152,50.76634232526757,71.557889304587,84.28125910414595,75.77231485389032,54.1290681141371
2023-08-12,26.00657213911063,42.61914045756686,74.73767070732508,37.22275205714848,40.66881184342874,74.61972430358048,63.22437086143147,67.04613271893427,53.26814688606575
2023-08-13,34.20964620603673,54.54489307894664,77.73414324608973,39.07125149132988,42.65208037630853,67.46415749886108,60.48042117041089,76.90758023486995,56.633021662856684
2023-08-14,21.469588728335097,35.59459895302674,88.17546570313667,31.512702653186643,52.73975238685419,55.34527879601864,64.22460001792759,74.91800021200547,52.99749843131137
2023-08-15,24.80865976157145,40.35537755182187,69.4308581102895,34.48403335574154,50.756433877526526,47.454757386169845,74.8266288407695,57.28242137502212,49.924896282364045
2023-08-16,34.05654304834218,40.18591800089684,97.69673940269541,26.07709978715645,53.010850000039014,52.1803292072189,87.51682135313871,88.45070691738054,59.896875964608505
2023-08-17,25.053210245204255,53.96248296862617,88.42600427877645,31.226106767212855,35.255120296646986,46.52912430020884,65.31217485872163,66.64576473964554,51.55124855688034
2023-08-18,25.27028125583746,50.32532083342619,92.92534147716069,24.62784740386058,68.74556329387312,74.79587705793924,84.60357770451665,79.07943711797432,62.54665576807352
2023-08-19,30.547668757118878,35.727865716196185,57.40581522590917,25.43564695730946,46.99592839227353,56.670704273864054,52.245755686363665,41.040194302736396,43.25869741397141
2023-08-20,37.00290146943494,46.53799844783823,77.38256446216211,24.124307069814733,34.59404454431659,51.19025793863432,54.045728584172515,74.09567560184024,49.87168476477671
2023-08-21,24.643245966804447,53.29190823753041,51.50498452422641,35.46827217942591,46.0933420683158,44.77721782128857,79.3137942260422,72.62397919696036,50.96459302757426
2023-08-22,27.476775132097547,50.369917605287796,55.962088737094454,21.838716670742905,30.981669730504798,72.54534623706198,65.17359624550629,57.55405026802495,47.73777007829008
2023-08-23,36.77280407291109,45.59122084562546,94.5713872543683,29.578175980902905,53.45341997456614,56.290284514181934,61.411148168387754,50.758580901886674,53.55337771410378
2023-08-24,37.23809139571006,53.39702392047498,93.22869995850766,23.47367395499701,40.28358508671827,54.683059388891394,79.00443724157657,42.61375211559387,52.99029038280872
2023-08-25,22.682631199499383,51.291618781179864,51.84084258896624,26.88026361427518,56.122625211033885,63.378299795227974,50.27927872486956,40.15802012758642,45.329197505329816
2023-08-26,30.634715859160856,42.254964042965035,70.86803866106041,35.171916725758706,45.02997352986866,59.673189629650444,51.384677217485326,50.1621639395579,48.14745495068842
2023-08-27,26.872406100592706,53.18053014952234,64.56968544081876,25.10185389114246,59.90560406064982,48.55037050832583,66.95390934091584,72.56328245668107,52.2122052435811
2023-08-28,28.309329256035902,56.05660388659375,59.99854961836654,23.245910772257336,56.52118288860831,68.34774118298891,55.669105720355155,72.84033916296475,52.62359531102133
2023-08-29,20.378376196139566,58.89887455999013,84.79927488502571,34.908206542097886,53.7790831436837,46.0224151172512,79.6783398989042,94.59350087470939,59.13225890222522
2023-08-30,31.69250687628849,59.456119629598774,65.0000292825394,35.840013294931985,47.073320541982625,56.917457217921765,84.288752723636,79.44757865975136,57.46447227833129
2023-08-31,38.91573502643657,55.044032597548174,86.88816700314882,27.51246076258465,66.3487409506373,61.283680076736744,86.0865848938375,80.3744664292708,62.80673346752506
2023-09-01,35.77007170303704,55.547911972807114,92.32878970003412,20.886569182761562,57.08099905605479,42.93825296249083,60.895504777256875,96.96119735734642,57.80116208897359
2023-09-02,38.004864384970766,57.637223813806884,69.83812002954689,32.53001824408031,50.95358749225288,58.135621952808535,80.21678093111925,59.9185158293739,55.904341584744934
2023-09-03,23.712626443439184,48.35189006923761,67.73198094347413,26.065925723401016,33.876699669166264,63.68353284908689,87.34893494080781,75.07260533597974,53.23052449682408
2023-09-04,27.985367166892047,51.18387349687257,62.96130469292223,24.100132461489675,68.65561826088914,74.90652676784644,68.10670661160869,97.10572688283561,59.375657042669545
2023-09-05,28.753741213956584,41.232682149907404,98.20602643182782,23.976672217567582,39.17247959302585,45.744480651761826,63.990291573809785,57.15035493268755,49.778341095568045
2023-09-06,39.179177097975156,48.40698674888585,82.51523296158973,24.01522052024282,69.63258019363877,67.72685005325897,85.62854272688492,57.80127639052701,59.363233336625406
2023-09-07,28.107345451866657,59.80578499010162,55.299474768714376,29.826155515145473,57.90347758748955,42.617185345836276,83.05430996381907,58.90974606249822,51.9404349606839
2023-09-08,27.32255525634891,57.37250400450952,94.55411656135277,32.49402313563472,40.019834871409586,63.25371531210938,64.04233164635677,60.98307564953099,55.005269554656586
2023-09-09,38.7543171350232,39.109809473140004,56.402077662625956,28.841487782420124,42.61788400066989,60.95645189749362,64.13797729170474,68.36560176025836,49.89820087541698
2023-09-10,29.936888267628255,47.200571541551184,99.30378475319135,30.620897099705005,68.91961734373079,65.39012695991602,50.029946865342716,77.127103975585,58.56611710083129
2023-09-11,37.84698292374104,45.48411174562099,93.52227639222482,30.522742694817474,62.37538391784442,69.81422977053505,57.21363356844143,71.68975996283618,58.558640122007674
2023-09-12,29.40947258927352,51.70595335229912,53.510853289209614,21.47852631971704,62.93318493827573,57.26715954917165,89.20830267529325,96.17398937518425,57.710930261053015
2023-09-13,37.563068384921856,41.98339322026157,67.19735508612177,26.190015347564646,31.672047004417628,54.694752395235426,84.52743746789699,50.031939385169295,49.23250103644864
2023-09-14,23.79800719539565,45.06257310891716,80.30313757425246,33.668988981403004,53.64964639475444,64.29534360252508,63.20292609356195,48.678360265159284,51.58237290199612
2023-09-15,33.817566914720416,47.843189379232136,61.35309670089205,39.917232440283136,62.74987658957435,69.11081670832311,83.39225157728374,67.42443791992622,58.20105852877939
2023-09-16,36.82403270643377,31.572032654222593,73.79850365501814,31.88298430297325,47.99424646855313,65.1402131037037,86.06354492152506,74.56570629109666,55.98015801294079
2023-09-17,39.326241278285565,42.68097736458651,74.7137441626662,36.190762790703744,43.17371687339857,78.91276997593631,74.71750993225861,93.79029411279933,60.438252061329365
2023-09-18,21.63863773406331,46.51676185816993,98.63254645406428,35.97936833051367,53.93217629580943,41.34492199279726,55.024564900812166,44.96181192169618,49.753848685990775
2023-09-19,30.201306671804574,59.72399952024832,97.4426093920462,25.251395837942468,41.04688954816267,46.53274431780809,72.52588428370672,60.493877986960484,54.15233844483494
2023-09-20,31.524161607663295,48.45816622378144,95.30594949685798,37.23410962494172,69.9361708102573,65.12626094832079,56.52189682314819,82.38158209051315,60.81103720318549
2023-09-21,35.68106522444516,42.74783097130778,74.61538087426865,25.765975203926203,69.52875654852525,46.06711585835777,75.9549027343775,68.88340083716776,54.905553531547014
2023-09-22,21.818824066353134,53.990271556487684,63.792452973712756,37.786985765848215,69.99589039465775,53.929282655509134,79.82784817415637,41.96459530468414,52.888268861426155
2023-09-23,26.725982293947897,44.786577711013905,59.34129006080257,22.008558810612328,53.46770296829549,73.20248575730974,71.9859597541622,84.6045063809392,54.515382967135416
2023-09-24,39.70316990887773,39.57321673251272,64.36527332460838,21.876450700587263,37.73414897478731,62.58230607954998,53.83953134350297,53.455665219004615,46.64122028542887
2023-09-25,24.62815483114422,52.522585408022124,75.64903586823073,38.42694284110871,43.816583745048725,57.968606716018144,62.916065855434624,44.11112116548443,50.00488705381146
2023-09-26,36.802947766279104,36.74994558758573,70.88951593253736,38.386328494318946,61.40075450057858,63.53190062888362,89.42573021903365,78.75167149680165,59.49234932825233
2023-09-27,25.749395939245325,32.80457585597426,73.15413532960918,28.242080270882276,53.768079500298185,73.41732743085807,54.171604513965534,68.18218980448643,51.1861735806649
2023-09-28,24.548899456444722,32.4396617280851,99.74698269635938,27.558277159024772,49.7873618015955,63.231686203087705,54.68492975860924,43.2753767870482,49.409146948781824
2023-09-29,33.60975771381676,31.081087932409094,98.2868638543004,30.90764341415734,47.98250957826373,47.74694027487334,53.56061809181744,51.31360170512998,49.31112782059601
2023-09-30,28.374728115367585,31.296328329867233,81.69189478527223,31.805076023303076,59.56939595960117,44.234912870773655,51.09253093868381,43.26286002818111,46.415965881381226
2023-10-01,20.5797348713195,30.85682992057691,64.30481292216916,33.762875517756356,36.75613088025552,72.17640307449008,56.10305510298775,63.53345635875999,47.259162331039406
2023-10-02,26.038658846402488,56.56298330467293,56.3155478036283,21.705845555823636,51.69576010990109,48.40866445002495,80.81105947066214,89.80935708872019,53.91848457872946
2023-10-03,31.832178679756286,57.093351033739935,55.78433345552885,22.158529972855003,52.696875827002515,55.75663369916423,63.9758431602775,46.15361301057589,48.18141985486253
2023-10-04,35.69721415954651,33.15157676918074,93.3843356773432,33.6364245854558,48.65937597778024,72.26929161539567,59.74845024182689,47.38905634088575,52.99196567092686
2023-10-05,36.29443727356349,35.90710232913473,74.5435796398678,28.792788239924032,67.44351845286123,71.22717055738275,75.51154050137988,46.05770798989034,54.472230623000534
2023-10-06,27.20568542813439,58.71076382439374,94.5231304272813,28.7978306875233,33.13360662864544,70.31034679427506,56.444075329934456,92.14125094424334,57.65833625805387
2023-10-07,25.262122511987492,52.89972644095108,85.01339564354885,27.95935243478243,45.128162256953935,51.970316109475846,84.41356063470562,57.09620391945912,53.717854993983046
2023-10-08,37.42770101754421,45.33189733430436,94.89806252732296,39.74859672231186,32.97532162640442,72.11299523427596,79.30610540878264,59.28493987814647,57.63570246863661
2023-10-09,21.974149480123117,55.78438818638874,50.00883580939154,22.92054653114999,48.94408437131463,75.69990799773817,68.01681321072599,98.4800567908794,55.22859779721395
2023-10-10,37.771064377627106,31.410903598295494,54.50022192490117,25.23947265897076,30.979361586993598,46.900462282013336,75.08347823865252,55.395265522212014,44.66002877370825
2023-10-11,36.11887019089558,53.84864465401478,82.75855280659815,32.023257211992224,55.11483607474875,67.25060048558416,81.483352842533,83.45268902059941,61.50635041087076
2023-10-12,22.692472037465826,35.16062382062073,95.29030675356415,34.37015987399735,58.508298363986995,49.80824806261638,62.275153387520234,62.997029907963,52.63778652596683
2023-10-13,35.135201775679306,47.136820193333435,66.34057047578256,29.34826687113631,37.092289278384946,70.56958255218406,67.65761301921017,87.54230386997347,55.102831004460526
2023-10-14,30.73007707056582,30.4646541367,83.80442618888566,28.267825581019675,54.40835070629949,60.61819146390175,78.19264783753539,85.7454201621891,56.52894914338711
2023-10-15,30.933054468838563,58.271551077459776,74.08903976757895,24.165911649931303,63.278286803495966,68.21340108158827,66.61199436091874,63.44663262245879,56.1262339790338
2023-10-16,28.76391884449107,37.46334262618524,70.67735884772894,32.82098394374978,44.00217924941743,63.85642623233699,54.74486153915447,66.8169293643779,49.89325008093023
2023-10-17,31.447976491271994,51.277580956507805,66.78243573906434,26.987051800565286,31.663053574788762,60.242224562749996,84.74435716677675,82.58006012400325,54.465592551966026
2023-10-18,39.391459636140624,30.492872452652314,64.38665869327488,27.93947479285133,63.540849377720825,72.20473794607838,74.82051588621755,80.40957642073505,56.64826815070887
2023-10-19,30.188670698136864,42.51839121015356,77.50838991417302,33.89816967428002,34.28265108995943,46.75323260806488,81.25952566257047,99.65446612581545,55.757937122894205
2023-10-20,26.870791612536316,54.68363708967509,73.93393331462755,31.517072107190337,39.25560248345113,69.71697879582464,63.94507330613318,90.91737472577,56.35505792940103
2023-10-21,24.517913716360106,49.09152250426163,63.19313310937787,27.795814330178096,43.33630517297581,51.6856861628468,76.06679750918886,72.22665606848224,50.989228571708935
2023-10-22,37.94564967265113,56.17978398805977,68.09032636327072,28.127227132205874,38.355698182850105,72.41869463680773,67.41402234395645,44.71848434358189,51.65623583292296
2023-10-23,37.38355287213826,49.41728178794281,87.80235410180515,23.001915320428605,44.42314449340713,76.87693522990904,57.21974185630416,65.72171894935704,55.23083057641152
2023-10-24,27.89934872926881,32.016780286667355,64.79855601750698,20.803490426331816,55.41870543289995,40.77727504913999,75.43090574262166,72.94744212478352,48.761562976152504
2023-10-25,30.491539529246296,34.08235224905707,98.51572550971275,32.739048498241516,62.222403292761825,61.98971841441269,55.64383642416085,83.5958023900861,57.41005328845989
2023-10-26,27.42395962785325,49.98346699948377,94.29694484919605,24.435773407667565,36.14746773336389,68.16287633383523,81.08342350267841,96.08351690695291,59.70217867012889
2023-10-27,25.939751237922955,58.514349513256114,93.25525838733566,27.486314370953057,44.16119075129278,45.447942666722305,54.9712950906973,62.75221920559674,51.56604015297212
2023-10-28,23.830015795190942,39.62676115165957,76.73659721704757,32.85103278742014,62.34177354821035,57.66799044790142,85.69466236338566,72.56137557080247,56.41377611020226
2023-10-29,39.79117366892841,30.97295898827642,79.8573561389637,37.81202811983826,37.00854693974315,64.13642899380947,65.04260862830647,74.39190417573859,53.626625706700565
2023-10-30,21.907313812871788,41.601842511663406,79.0366323675205,20.10175738856274,33.27874460212988,51.0996209212726,51.46150476230913,97.20584385625563,49.461657527823206
2023-10-31,21.80585292293889,50.47885988483826,79.14113794151152,29.112441023114812,40.68329351590225,67.79726299394486,72.19955051525537,67.1807265772153,53.54989067184016
2023-11-01,34.88613974030747,48.85341363305909,98.76159027223781,20.101706966446603,33.342424976790724,66.99350373866595,86.27901957964697,92.76449266890518,60.24778644700747
2023-11-02,23.827259365973244,42.557704150536836,68.36811413137505,27.036917286110018,63.020526861044814,47.11412800872949,50.53454289243311,85.0137672845841,50.93411999759833
2023-11-03,26.128749283470537,33.78287869669002,92.49445146180852,33.83390697036063,30.365049664582333,60.840176895492554,72.49888992645451,97.2006263083691,55.89309115090353
2023-11-04,33.29405260262805,51.089072642256056,56.29061616025974,27.194828786204894,64.44872707561821,65.92376779929803,76.33470099772805,67.12648394140835,55.21278125067517
2023-11-05,33.37874720704542,55.71631475121268,81.86617231524117,28.10657843500458,31.27918444203996,72.68411658486764,66.21722176085558,67.27992209818339,54.56603219930629
2023-11-06,20.2106662397839,37.40768016870295,82.56971638258855,23.137257314662115,54.6993221497581,60.02658814340422,65.51766449024102,87.53683205307853,53.888215867777426
2023-11-07,35.89318436973892,44.66685785771176,94.11373992320307,23.29670367584854,69.54740554695678,72.3802916900712,75.58137496891531,45.70708688470971,57.648330614644415
2023-11-08,32.71435787908592,45.56306736017719,77.4253744252537,29.619984651746584,55.606394409159634,69.73013589158785,53.796137557198776,59.05569840981855,52.938893823003525
2023-11-09,37.74275897242741,43.87763396925745,73.10952007766028,32.8709767417402,34.49982752539719,63.22281449004667,84.83010847172145,93.04674696454566,57.90004840159954
2023-11-10,21.72840213727799,32.207238827375456,62.464465099717124,28.280527979780917,42.7594397592158,51.21224111233434,80.61473275898193,59.89153658653839,47.394823032652745
2023-11-11,20.589369735097897,49.12568546144902,63.71813328847527,33.12075181137697,37.57730861595049,55.3335886946396,61.92156714044455,58.999358560664476,47.54822041351228
2023-11-12,27.423667421238445,33.10809588569236,53.879667400214174,32.70833322602779,44.13486170845848,51.504367865705646,83.87800771723684,96.82974926872541,52.9333438116624
2023-11-13,37.67359978995093,34.591886144478266,70.02303766496001,32.349386495302056,65.35266694203094,68.11723849059229,64.48374296208375,57.101928890245055,53.711685922455416
2023-11-14,21.053817662464887,30.19862892131637,94.26535884086887,39.70978150819505,39.81364245900859,41.93656630105236,57.51482984963798,84.6625062845289,51.14439147838413
2023-11-15,28.645959704831274,34.78511615550945,88.86537520756741,23.002940975132432,37.933198877189355,59.78777997224871,63.69308314194754,76.00232999254592,51.58947300337151
2023-11-16,37.840831510138855,49.11983189532437,66.41762324170868,38.9117959437021,63.17608340375841,58.73407938485302,75.01992076555851,43.202804035146976,54.05287127252387
2023-11-17,23.13154933981523,59.591713005627604,52.03224104440775,24.42421837794761,30.416117469695845,58.45939147342243,51.281412525712135,75.21898567963154,46.81945361453252
2023-11-18,25.792161660206038,56.13795426854696,94.0040933040849,32.74671166429336,53.09359390760429,73.26875265251115,55.04544652638991,77.68820575366942,58.47211496716325
2023-11-19,31.962071825022413,55.043815723467794,56.33264904623604,32.467555085310316,61.34213648323663,72.45077144194815,89.61156426070437,44.555835311819365,55.470799897218136
2023-11-20,25.065716225578296,33.536183407303355,78.83099092501277,25.24809403973789,51.310998453267494,71.12010399422182,79.96374105789403,51.0510237850038,52.015856486002434
2023-11-21,35.9664144160633,37.164672586275614,89.49201452211172,21.776916681405776,64.9938113028407,73.63060055756829,61.47906901945862,78.53898267741418,57.880310220392275
2023-11-22,34.54446944340624,42.3398181739101,90.10848787798061,25.159749280890697,38.85474179961916,58.73325216723576,74.77344761813143,81.60632562897342,55.765036498768424
2023-11-23,21.579715860381295,37.916301463127574,85.71373309488322,23.777713079236765,52.666948360163175,40.92924019885238,51.065360461849956,41.65436741227314,44.41292249134594
2023-11-24,35.49522509829363,35.70149348046009,96.61984051418534,28.366825962179192,36.881079128858545,69.22060654072303,66.23657218199013,80.45527173837995,56.12211433063374
2023-11-25,30.773053087542664,30.78771132171435,66.00869931786927,39.828273860318625,64.84640804382113,57.17954928990455,80.2978995303773,79.45322930930999,56.14685297010723
2023-11-26,22.49306655712041,55.36535889959256,75.47764119322466,35.36616162623931,41.109452107937386,53.24752800529976,80.25390756203966,51.11255089117678,51.80320835532882
2023-11-27,34.79319364314915,53.86300655102844,98.4170586296512,24.816816143934304,54.122582884956195,73.46552545814745,79.86316714048894,46.21861333649837,58.19499547348176
2023-11-28,21.416088024465022,36.03998822070709,88.84135137694702,35.27126882048037,32.426259782188154,58.34527088121768,81.46923599210544,84.39060356357311,54.775008332710485
2023-11-29,24.107407902794414,30.768997071711947,50.11400436162787,22.860336258657014,58.90969591328428,67.50986707862137,59.52841261203747,50.58157526985307,45.54753705857343
2023-11-30,28.095356044338292,45.830159443588784,82.0104686257601,37.348738823692614,59.356232482303014,73.46689751998588,70.5812584068633,83.28125166808987,59.99629537682773
2023-12-01,25.917920028881205,49.12067999920336,90.6970976501391,24.835094142944733,41.825015073510556,61.74973139942023,66.75080466428155,48.009376470602085,51.11321492862285
2023-12-02,29.05603887324694,34.189615159944225,99.37318925689331,21.73087741311558,62.23633019602658,42.03183255726084,79.8780105611348,54.12914056280746,52.828129322553714
2023-12-03,28.02682934270372,41.76287119340776,97.1692809470968,28.907441618527375,43.08102139114423,66.21972884744905,70.31446941563102,51.926353396707064,53.425999519083376
2023-12-04,22.46160623533486,51.9766651117841,77.77297389419074,26.299922284672746,68.19941610462382,58.11988536178103,66.72212778952229,94.25546601986733,58.22600785022212
2023-12-05,29.55854437012367,39.91828234095866,89.64496688349135,24.617990798495185,58.375423057291755,48.832584684892666,54.08178230722466,86.8960020895227,53.99069706650008
2023-12-06,39.28752305524817,43.49601941564774,52.86585093128994,20.302687749184187,39.72558188302703,79.91002325091488,65.65814322578633,93.8059723146659,54.38147522822052
2023-12-07,35.246938778824244,42.898718504207025,74.83939510243368,27.27786188091863,38.57009405278112,72.87544050889952,79.15225354378674,74.1300358104729,55.62384227279048
2023-12-08,24.845055803524446,35.40631471296741,59.63709630958314,28.914810330957508,61.50534796411365,42.92939975779763,50.441987300131565,63.35139712179426,45.8789261626087
2023-12-09,34.539630720972525,52.04645249982835,66.61528902381,36.18542831369799,63.678159508611024,76.07687603237088,82.53587293866511,43.55210917749617,56.903727276931505
2023-12-10,34.159411377300884,47.8937403396704,69.20755435464513,25.469287170378827,62.65638962286114,72.72385217486365,71.46261608934579,96.45603280163044,60.00361049133703
2023-12-11,35.14624883060756,42.22404380659242,87.37347188013828,26.8193910511091,34.80784365739688,78.16853576941841,51.882837109948305,46.4676084901847,50.36124757442446
2023-12-12,31.152807874338272,31.45514762631664,97.0724596865801,22.34504187232565,41.724904199300155,59.055051360684175,79.0782253598801,95.08796872073975,57.121450837520605
2023-12-13,33.85644038899288,43.07076925339544,93.53698127475091,30.675823231180097,67.0730943219259,44.74168696002203,59.36635483963262,76.74581868227492,56.133371119021845
2023-12-14,32.48375567953414,54.987830325311265,79.18813528185584,37.76471384198091,44.280624963695374,74.21128159464966,69.12283090301533,68.23054365238917,57.53371453030395
2023-12-15,20.941368573129,59.12864208589875,72.52509799560742,34.90268754875011,60.38122426302745,66.24844303779582,55.01008886208886,60.65301991784814,53.7238215355182
2023-12-16,30.271474691151692,55.0012242256522,62.571037989516526,28.527030840479135,54.51550899153355,76.89717691724971,51.03178428135542,51.172945822051574,51.24852296987373
2023-12-17,25.059881825870406,35.6518687601693,65.81007549291878,22.61846479601681,38.006216838378094,64.1486311296692,50.805920618753355,54.89113329537341,44.62402409464367
2023-12-18,36.82859069733557,46.16851767401768,72.98434091860581,37.56163178112101,55.91779011290753,68.2390252721328,56.56710709618129,79.42017780646708,56.710897669846105
2023-12-19,21.395635153016194,52.86666716099954,78.25466613345039,29.061466395051312,47.70855403491107,61.28189394002773,85.21983605964175,75.96451479973074,56.46915420960359
2023-12-20,26.515753393156793,57.47855309183974,83.29215674715846,23.724420831833008,50.620629275623514,79.39082172948537,86.63208588093465,92.150518522314,62.4756174340432
2023-12-21,20.49702669287593,37.91538118318446,77.82353245279353,24.9420849842823,52.318034681952355,70.51842082016272,72.22892064204973,72.64638184673865,53.611222913004966
2023-12-22,38.20719167312959,40.47766921181059,98.05242501356079,32.47723182330428,60.52126163041828,69.53996767524325,53.066963150076084,60.30799774094365,56.58133848981082
2023-12-23,24.110105327736562,56.375964527068746,76.15249478550169,24.237985723875425,53.354576930463715,71.8463873618575,66.75865655766219,91.25390551108615,58.01125959065649
2023-12-24,28.567072535267116,47.4803274806484,79.4522174373557,29.789872976143222,47.81880290560116,69.37954181767802,66.83013206154894,67.51097386416129,54.603617634800486
2023-12-25,36.65027966025629,59.96951330287685,50.02608023047739,34.16375194172633,39.9659181673338,59.67562362567396,59.347089167557336,55.85734471257361,49.45695010105944
2023-12-26,37.38257337302366,39.322908882513104,75.5743741864942,27.67725390430724,58.323732302017945,49.914446267129875,60.33377122031898,44.85506980229873,49.17301624226296
2023-12-27,37.17125307135987,56.42876220783752,66.76963334365699,30.326106131204483,60.02842263252962,48.99000819936499,77.17473560565776,59.774346589422315,54.58290847262919
2023-12-28,37.2803556664139,58.81707058584816,66.68365067318905,31.84430444879269,36.03240864101561,70.84528134697817,70.60645820571644,89.18965942506341,57.662398624127164
2023-12-29,27.191460896565168,57.22823853425705,54.27300823494575,28.713294054948772,60.70309284341629,76.22919905741858,66.2584886855629,81.99807733332273,56.57435745505465
2023-12-30,22.368727983635978,53.2777514518671,72.16512237157761,24.940107703666577,44.879367691871636,47.64097081360366,81.33903392167159,94.15073657957839,55.09522731468407
2023-12-31,39.28553775463816,31.487275351715112,74.66260800183343,24.881924649408376,32.21852665649225,55.00278285708394,55.3987870393573,58.4222332672571,46.419959447223206
